age,early_readmission_rate_pct
[0-10),1.8633540372670807
[10-20),5.788712011577424
[20-30),14.24260712130356
[30-40),11.2317880794702
[40-50),10.604026845637584
[50-60),9.666203059805285
[60-70),11.128408130587555
[70-80),11.773055086696333
[80-90),12.083502936558702
[90-100),11.099176512710347
